Category,Function,Status,Priority,Notes,Completion %
Core Pages,Homepage,Completed,High,Main landing page,100
Core Pages,Header Navigation,Completed,High,Logo and menu,100
Core Pages,Footer,In Progress,Medium,Contact and links,60
Core Pages,Search Bar,Not Started,High,Global search,0
Authentication,Login,Completed,High,User login form,100
Authentication,Register,Completed,High,User registration,100
Authentication,Profile,Completed,High,User profile management,100
Authentication,Settings,In Progress,Medium,User preferences,70
Authentication,Password Reset,Not Started,Medium,Email verification,0
Technology,Technology List,Completed,High,Technology listing page,100
Technology,Technology Detail,Completed,High,Individual tech pages,100
Technology,Register Technology,Completed,High,Add new technology,100
Technology,My Technologies,Completed,High,User's technologies,100
Technology,Technology Search,Completed,High,Search and filter,100
Technology,Technology Matching,Not Started,High,AI-powered matching,0
Services,Main Services Page,Completed,High,Services overview,100
Services,Consulting,Completed,High,Consulting services,100
Services,Valuation,Completed,High,Valuation services,100
Services,Legal,Completed,High,Legal services,100
Services,IP Services,Completed,High,Intellectual property,100
Services,Training,Completed,High,Training services,100
Services,Investment,Completed,High,Investment services,100
Content,About Page,Completed,High,Company information,100
Content,Contact Page,Completed,High,Contact form and info,100
Content,News & Events,Completed,High,News and events listing,100
Content,News Detail,Completed,High,Individual news articles,100
Content,Events,Completed,High,Events listing,100
Content,Event Registration,Completed,High,Event signup,100
Content,FAQ,Completed,Medium,Frequently asked questions,100
Content,User Guide,Completed,Medium,User instructions,100
Investment,Funds Main,Completed,High,Investment overview,100
Investment,Active Projects,Completed,High,Current projects,100
Investment,Fundraising,Completed,High,Fundraising projects,100
Investment,Investment Funds,Completed,High,Fund directory,100
Demands,Demands List,Completed,High,Technology demands,100
Demands,Register Demand,Completed,High,Create new demand,100
Demands,Demand Detail,Completed,High,Individual demands,100
Demands,Propose Solution,Completed,High,Submit proposals,100
Demands,My Demands,Completed,High,User's demands,100
Auctions,Auctions List,Completed,High,Auction listing,100
Auctions,Live Auction,In Progress,High,Real-time bidding,60
Auctions,Auction Detail,Not Started,High,Individual auctions,0
Auctions,Bidding System,Not Started,High,Bid management,0
Admin,Admin Dashboard,Completed,High,Admin main page,100
Admin,User Management,Completed,High,Manage users,100
Admin,Content Management,Not Started,Medium,Manage content,0
Admin,Analytics Dashboard,Not Started,Medium,Reports and KPIs,0
User System,User Registration,Completed,High,Multi-type registration,100
User System,User Authentication,Completed,High,JWT authentication,100
User System,Profile Management,Completed,High,Personal profiles,100
User System,Role-based Access,Completed,High,User permissions,100
User System,User Verification,Not Started,Medium,Email/phone verification,0
Content System,News Management,Completed,High,Article management,100
Content System,Event Management,Completed,High,Event management,100
Content System,Media Management,Completed,High,File uploads,100
Content System,Content Publishing,Completed,High,Publish workflow,100
Content System,SEO Optimization,Not Started,Medium,Search optimization,0
Communication,Contact Forms,Completed,High,Contact functionality,100
Communication,Email Notifications,Not Started,High,Email alerts,0
Communication,SMS Notifications,Not Started,Medium,SMS alerts,0
Communication,Push Notifications,Not Started,Medium,Web notifications,0
Communication,Messaging System,Not Started,Medium,User messaging,0
Payment,Payment Gateway,Not Started,High,Payment processing,0
Payment,Transaction Management,Not Started,High,Payment tracking,0
Payment,Invoice Generation,Not Started,Medium,Automated invoicing,0
Payment,Refund Management,Not Started,Medium,Refund processing,0
Legal,NDA Management,Not Started,High,NDA creation,0
Legal,Contract Management,Not Started,High,Contract templates,0
Legal,Legal Document Storage,Not Started,High,Secure storage,0
Legal,Compliance Tracking,Not Started,Medium,Regulatory compliance,0
Analytics,User Analytics,Not Started,Medium,User behavior,0
Analytics,Technology Analytics,Not Started,Medium,Tech metrics,0
Analytics,Business Intelligence,Not Started,Medium,KPI dashboards,0
Analytics,Custom Reports,Not Started,Low,Report generation,0
Frontend,Next.js Setup,Completed,High,Framework setup,100
Frontend,React Components,Completed,High,Component library,100
Frontend,Tailwind CSS,Completed,High,Styling system,100
Frontend,HeroUI Integration,Completed,High,UI components,100
Frontend,State Management,Completed,High,Zustand store,100
Frontend,TypeScript,Completed,High,Type safety,100
Frontend,Unit Testing,Completed,High,Test coverage,100
Backend,API Routes,Completed,High,API endpoints,100
Backend,Database Schema,Completed,High,Database design,100
Backend,Authentication,Completed,High,Auth system,100
Backend,File Upload,Completed,High,File handling,100
Backend,Data Validation,Completed,High,Input validation,100
Backend,Error Handling,Completed,High,Error management,100
Database,PostgreSQL Setup,Completed,High,Main database,100
Database,Redis Cache,Completed,High,Caching layer,100
Database,File Storage,Completed,High,Media storage,100
Database,Migrations,Completed,High,Schema versioning,100
Database,Backup Strategy,Not Started,Medium,Data backups,0
DevOps,Docker Setup,Completed,High,Containerization,100
DevOps,Docker Compose,Completed,High,Local development,100
DevOps,CI/CD Pipeline,Not Started,Medium,Automated deployment,0
DevOps,Production Deployment,Not Started,Medium,K8s deployment,0
DevOps,Monitoring,Not Started,Medium,App monitoring,0
AI/ML,Technology Matching,Not Started,High,AI matching,0
AI/ML,Recommendation Engine,Not Started,Medium,Personalized recommendations,0
AI/ML,Chatbot Integration,Not Started,Medium,AI assistant,0
AI/ML,NLP Processing,Not Started,Low,Document analysis,0
Search,Elasticsearch Integration,Not Started,High,Advanced search,0
Search,Faceted Search,Not Started,High,Multi-dimensional filtering,0
Search,Search Analytics,Not Started,Medium,Search tracking,0
Search,Auto-complete,Not Started,Medium,Search suggestions,0
Real-time,WebSocket Integration,Not Started,High,Real-time updates,0
Real-time,Live Chat,Not Started,Medium,Real-time messaging,0
Real-time,Live Notifications,Not Started,High,Real-time alerts,0
Real-time,Live Auctions,Not Started,High,Real-time bidding,0
Integration,Third-party APIs,Not Started,Medium,External services,0
Integration,API Documentation,Not Started,Medium,OpenAPI docs,0
Integration,Webhook Support,Not Started,Medium,Event notifications,0
Integration,Mobile API,Not Started,Low,Mobile support,0
Security,Data Encryption,Not Started,High,Data protection,0
Security,Security Headers,Not Started,High,HTTP security,0
Security,Rate Limiting,Not Started,High,API protection,0
Security,Input Sanitization,Not Started,High,XSS prevention,0
Security,SQL Injection Prevention,Not Started,High,Database security,0
Compliance,GDPR Compliance,Not Started,High,Data protection,0
Compliance,Privacy Policy,Completed,High,Legal compliance,100
Compliance,Terms of Service,Completed,High,Legal compliance,100
Compliance,Cookie Consent,Not Started,Medium,Privacy compliance,0
Compliance,Data Retention,Not Started,Medium,Data lifecycle,0
Performance,Image Optimization,Not Started,High,Image optimization,0
Performance,Code Splitting,Not Started,High,Lazy loading,0
Performance,Caching Strategy,Not Started,High,Redis and CDN,0
Performance,Database Optimization,Not Started,High,Query optimization,0
Performance,CDN Integration,Not Started,Medium,Static assets,0
Monitoring,Application Monitoring,Not Started,High,Error tracking,0
Monitoring,Performance Monitoring,Not Started,High,Response tracking,0
Monitoring,User Analytics,Not Started,Medium,User behavior,0
Monitoring,Business Metrics,Not Started,Medium,KPI tracking,0
