Category,Function,Status,Priority,Notes,Estimated Effort,Completion %
Core Pages & Routes,Homepage (/),Completed,High,Hero, Categories, Featured Tech, News,1,100
Core Pages & Routes,Header Navigation,Completed,High,Logo, Menu, Auth states,1,100
Core Pages & Routes,Footer,In Progress,Medium,Links, contact info,2,60
Core Pages & Routes,Search Bar,Not Started,High,Global search functionality,3,0
Authentication & User Management,Login (/auth/login),Completed,High,Form validation,1,100
Authentication & User Management,Register (/auth/register),Completed,High,User types support,1,100
Authentication & User Management,Profile (/profile),Completed,High,Personal, Company, Research,2,100
Authentication & User Management,Settings (/settings),In Progress,Medium,User preferences,2,70
Authentication & User Management,Password Reset,Not Started,Medium,Email verification,3,0
Technology Management,Technologies List (/technologies),Completed,High,Filter, search, pagination,2,100
Technology Management,Technology Detail (/technologies/[id]),Completed,High,Full tech info display,2,100
Technology Management,Register Technology (/technologies/register),Completed,High,Multi-step form,3,100
Technology Management,My Technologies (/my-technologies),Completed,High,User's tech management,2,100
Technology Management,Technology Categories,Completed,High,Hierarchical categories,2,100
Technology Management,TRL Level Management,Completed,High,Technology readiness,2,100
Technology Management,IP Management,Completed,High,Patents, trademarks,3,100
Technology Management,Technology Search,Completed,High,Advanced filtering,3,100
Technology Management,Technology Matching,Not Started,High,AI-powered matching,5,0
Services & Business,Services Main (/services),Completed,High,Service overview,2,100
Services & Business,Consulting (/services/consulting),Completed,High,Landing page,2,100
Services & Business,Valuation (/services/valuation),Completed,High,Landing page,2,100
Services & Business,Legal (/services/legal),Completed,High,Landing page,2,100
Services & Business,IP Services (/services/intellectual-property),Completed,High,Landing page,2,100
Services & Business,Training (/services/training),Completed,High,Landing page,2,100
Services & Business,Investment (/services/investment),Completed,High,Landing page,2,100
Content & Information,About (/about),Completed,High,Company info, values,2,100
Content & Information,Contact (/contact),Completed,High,Contact form, map,2,100
Content & Information,News & Events (/news),Completed,High,Article listing,2,100
Content & Information,News Detail (/news/[id]),Completed,High,Full article view,2,100
Content & Information,Events (/events),Completed,High,Event listing,2,100
Content & Information,Event Register (/events/register),Completed,High,Registration form,2,100
Content & Information,FAQ (/faq),Completed,Medium,FAQ section,2,100
Content & Information,User Guide (/user-guide),Completed,Medium,Step-by-step guide,3,100
Investment & Funding,Funds & Investment (/funds),Completed,High,Main page,2,100
Investment & Funding,Active Projects (/funds/active-projects),Completed,High,Project listing,2,100
Investment & Funding,Fundraising (/funds/fundraising),Completed,High,Fundraising projects,2,100
Investment & Funding,Investment Funds (/funds/investment-funds),Completed,High,Fund directory,2,100
Demands & Matching,Demands List (/demands),Completed,High,Demand listing,2,100
Demands & Matching,Register Demand (/demands/register),Completed,High,Demand form,3,100
Demands & Matching,Demand Detail (/demands/[id]),Completed,High,Full demand info,2,100
Demands & Matching,Propose Solution (/demands/[id]/propose),Completed,High,Proposal form,3,100
Demands & Matching,My Demands (/my-demands),Completed,High,User's demands,2,100
Auctions & Trading,Auctions List (/auctions),Completed,High,Auction listing,2,100
Auctions & Trading,Live Auction,In Progress,High,Real-time bidding,4,60
Auctions & Trading,Auction Detail,Not Started,High,Full auction info,3,0
Auctions & Trading,Bidding System,Not Started,High,Bid management,4,0
Admin & Management,Admin Dashboard (/admin),Completed,High,Main dashboard,3,100
Admin & Management,User Management (/admin/users),Completed,High,User CRUD,3,100
Admin & Management,Content Management,Not Started,Medium,News, events management,3,0
Admin & Management,Analytics Dashboard,Not Started,Medium,KPI, reports,4,0
User Management System,User Registration,Completed,High,Multi-type users,2,100
User Management System,User Authentication,Completed,High,JWT-based auth,2,100
User Management System,Profile Management,Completed,High,Personal, company, research,3,100
User Management System,Role-based Access,Completed,High,Admin, user, moderator,2,100
User Management System,User Verification,Not Started,Medium,Email, phone verification,3,0
Technology Management System,Technology Listing,Completed,High,CRUD operations,2,100
Technology Management System,Technology Categories,Completed,High,Hierarchical categories,2,100
Technology Management System,TRL Level Management,Completed,High,Technology readiness,2,100
Technology Management System,IP Management,Completed,High,Patents, trademarks,3,100
Technology Management System,Technology Search,Completed,High,Advanced filtering,3,100
Technology Management System,Technology Matching,Not Started,High,AI-powered matching,5,0
Content Management System,News Management,Completed,High,Article CRUD,2,100
Content Management System,Event Management,Completed,High,Event CRUD,2,100
Content Management System,Media Management,Completed,High,File upload, gallery,2,100
Content Management System,Content Publishing,Completed,High,Draft, publish workflow,2,100
Content Management System,SEO Optimization,Not Started,Medium,Meta tags, sitemap,3,0
Communication System,Contact Forms,Completed,High,Contact, inquiry forms,2,100
Communication System,Email Notifications,Not Started,High,Transactional emails,3,0
Communication System,SMS Notifications,Not Started,Medium,SMS alerts,4,0
Communication System,Push Notifications,Not Started,Medium,Web push,4,0
Communication System,Messaging System,Not Started,Medium,User-to-user messaging,4,0
Payment & Transaction System,Payment Gateway,Not Started,High,Stripe, PayPal integration,4,0
Payment & Transaction System,Transaction Management,Not Started,High,Payment tracking,3,0
Payment & Transaction System,Invoice Generation,Not Started,Medium,Automated invoicing,3,0
Payment & Transaction System,Refund Management,Not Started,Medium,Refund processing,3,0
Legal & Compliance System,NDA Management,Not Started,High,NDA creation, signing,4,0
Legal & Compliance System,Contract Management,Not Started,High,Contract templates,4,0
Legal & Compliance System,Legal Document Storage,Not Started,High,Secure document storage,3,0
Legal & Compliance System,Compliance Tracking,Not Started,Medium,Regulatory compliance,4,0
Analytics & Reporting System,User Analytics,Not Started,Medium,User behavior tracking,3,0
Analytics & Reporting System,Technology Analytics,Not Started,Medium,Tech performance metrics,3,0
Analytics & Reporting System,Business Intelligence,Not Started,Medium,KPI dashboards,4,0
Analytics & Reporting System,Custom Reports,Not Started,Low,Report generation,4,0
Frontend Development,Next.js 14 Setup,Completed,High,App router, SSR,2,100
Frontend Development,React Components,Completed,High,Reusable components,2,100
Frontend Development,Tailwind CSS,Completed,High,Responsive design,2,100
Frontend Development,HeroUI Integration,Completed,High,UI component library,2,100
Frontend Development,State Management,Completed,High,Zustand store,2,100
Frontend Development,TypeScript,Completed,High,Type safety,2,100
Frontend Development,Unit Testing,Completed,High,Jest, React Testing Library,3,100
Backend Development,API Routes,Completed,High,Next.js API routes,2,100
Backend Development,Database Schema,Completed,High,PostgreSQL schema,3,100
Backend Development,Authentication,Completed,High,JWT-based auth,2,100
Backend Development,File Upload,Completed,High,Media management,2,100
Backend Development,Data Validation,Completed,High,Input validation,2,100
Backend Development,Error Handling,Completed,High,Comprehensive error handling,2,100
Database & Storage,PostgreSQL Setup,Completed,High,Main database,2,100
Database & Storage,Redis Cache,Completed,High,Caching layer,2,100
Database & Storage,File Storage,Completed,High,Media storage,2,100
Database & Storage,Database Migrations,Completed,High,Schema versioning,2,100
Database & Storage,Backup Strategy,Not Started,Medium,Automated backups,3,0
DevOps & Deployment,Docker Setup,Completed,High,Containerization,2,100
DevOps & Deployment,Docker Compose,Completed,High,Local development,2,100
DevOps & Deployment,CI/CD Pipeline,Not Started,Medium,GitHub Actions,4,0
DevOps & Deployment,Production Deployment,Not Started,Medium,K8s deployment,5,0
DevOps & Deployment,Monitoring,Not Started,Medium,Application monitoring,4,0
AI & Machine Learning,Technology Matching,Not Started,High,AI-powered matching,5,0
AI & Machine Learning,Recommendation Engine,Not Started,Medium,Personalized recommendations,4,0
AI & Machine Learning,Chatbot Integration,Not Started,Medium,AI assistant,4,0
AI & Machine Learning,Natural Language Processing,Not Started,Low,Document analysis,5,0
Advanced Search & Discovery,Elasticsearch Integration,Not Started,High,Advanced search,4,0
Advanced Search & Discovery,Faceted Search,Not Started,High,Multi-dimensional filtering,4,0
Advanced Search & Discovery,Search Analytics,Not Started,Medium,Search behavior tracking,3,0
Advanced Search & Discovery,Auto-complete,Not Started,Medium,Search suggestions,3,0
Real-time Features,WebSocket Integration,Not Started,High,Real-time updates,4,0
Real-time Features,Live Chat,Not Started,Medium,Real-time messaging,4,0
Real-time Features,Live Notifications,Not Started,High,Real-time alerts,3,0
Real-time Features,Live Auctions,Not Started,High,Real-time bidding,4,0
Integration & APIs,Third-party Integrations,Not Started,Medium,External service APIs,3,0
Integration & APIs,API Documentation,Not Started,Medium,OpenAPI/Swagger,3,0
Integration & APIs,Webhook Support,Not Started,Medium,Event notifications,3,0
Integration & APIs,Mobile API,Not Started,Low,Mobile app support,4,0
Security Implementation,Data Encryption,Not Started,High,Data at rest/transit,4,0
Security Implementation,Security Headers,Not Started,High,HTTPS, CSP, HSTS,3,0
Security Implementation,Rate Limiting,Not Started,High,API rate limiting,3,0
Security Implementation,Input Sanitization,Not Started,High,XSS prevention,3,0
Security Implementation,SQL Injection Prevention,Not Started,High,Parameterized queries,3,0
Compliance & Legal,GDPR Compliance,Not Started,High,Data protection,4,0
Compliance & Legal,Privacy Policy,Completed,High,Legal compliance,2,100
Compliance & Legal,Terms of Service,Completed,High,Legal compliance,2,100
Compliance & Legal,Cookie Consent,Not Started,Medium,Privacy compliance,3,0
Compliance & Legal,Data Retention,Not Started,Medium,Data lifecycle management,3,0
Performance Optimization,Image Optimization,Not Started,High,Next.js Image component,2,0
Performance Optimization,Code Splitting,Not Started,High,Lazy loading,3,0
Performance Optimization,Caching Strategy,Not Started,High,Redis, CDN,4,0
Performance Optimization,Database Optimization,Not Started,High,Query optimization,4,0
Performance Optimization,CDN Integration,Not Started,Medium,Static asset delivery,3,0
Monitoring & Analytics,Application Monitoring,Not Started,High,Error tracking,4,0
Monitoring & Analytics,Performance Monitoring,Not Started,High,Response time tracking,4,0
Monitoring & Analytics,User Analytics,Not Started,Medium,Google Analytics,3,0
Monitoring & Analytics,Business Metrics,Not Started,Medium,KPI tracking,4,0
